time,x,y,A0,A01,A02,A04,A06,A10,A9,A11,A12,A15,A16,A17,A19,A20,A24
1.60135435668458E+018,49.6563842768632,5.42889527345717,0,0,40,40,0,0,0,0,0,0,0,0,0,0,0
1.60135436168458E+018,50.8586881435414,6.65256172904786,0,0,40,40,0,0,0,0,0,0,0,0,0,0,0
1.60135436678454E+018,52.2293240361387,8.14732013241173,0,0,40,43,0,0,0,0,0,0,0,0,0,0,0
1.60135437162457E+018,53.7007070783917,9.398740274925,0,0,40,40,74,0,0,0,0,0,0,0,0,0,0
1.60135437674458E+018,55.2750629095457,10.6889733220786,0,0,41,40,81,0,0,0,0,0,0,0,0,0,0
1.60135438158458E+018,56.7717803851001,11.9208131608973,0,0,50,40,73,0,0,0,0,0,0,0,0,0,0
1.60135438676461E+018,58.4004832689416,13.2157395843363,0,0,58,40,73,0,0,0,0,0,0,0,0,0,0
1.60135439160458E+018,60.0295398465488,14.2169497575122,0,0,68,40,73,0,0,0,0,0,0,0,0,0,0
1.60135439668458E+018,61.8503493035045,15.1270508298502,0,0,65,40,73,0,0,0,0,0,0,0,0,0,0
1.60135440160454E+018,63.4819916261896,16.2099721390415,0,0,50,40,67,0,0,0,0,0,0,0,0,0,0
1.60135440672459E+018,65.3062556345481,17.1017494574311,0,0,49,40,72,0,0,0,0,0,0,0,0,0,0
1.60135441174458E+018,67.1124530425362,17.9839978089095,75,0,49,40,63,0,0,0,0,0,0,0,0,0,0
1.60135441660458E+018,68.7984287824809,18.8988133685476,80,0,53,40,65,0,0,0,0,0,0,0,0,0,0
1.60135442168456E+018,69.7608498925244,18.796989849466,78,0,0,40,64,0,0,0,0,0,0,0,0,0,0
1.60135442656461E+018,70.6218729150203,18.5873704474369,71,0,0,40,55,0,0,0,0,0,0,0,0,0,0
1.60135443156458E+018,71.0749883208829,18.5132391806161,69,0,0,40,53,0,0,0,0,0,0,0,0,0,0
1.60135443672458E+018,71.7014244871368,18.3834630911259,71,0,0,40,53,0,0,0,0,0,0,0,0,0,0
1.60135444162458E+018,73.5869616096882,17.9172379569818,70,0,0,40,49,0,0,0,0,0,0,0,0,0,0
1.60135444658458E+018,75.418791608597,17.1956321307187,71,0,0,40,49,0,0,0,0,0,0,0,0,0,0
1.60135445176457E+018,77.3434018561718,16.4224685462909,75,0,0,40,48,0,0,0,0,0,0,0,0,0,0
1.60135445668458E+018,79.1635291100994,15.7114105495976,0,0,0,40,53,0,0,0,0,0,0,0,0,0,0
1.60135446160459E+018,81.0012072299615,14.9851995902272,76,0,0,40,56,0,0,0,0,0,0,0,0,0,0
1.60135446668458E+018,82.8251567357941,14.1290331128673,75,0,0,45,56,0,0,0,0,0,0,0,0,0,0
1.60135447178461E+018,84.6015422725965,13.1435984078268,67,0,0,40,56,0,0,0,0,0,0,0,0,0,0
1.60135447668459E+018,86.3516070871048,12.2754621394215,69,0,0,46,52,0,0,0,0,0,0,0,0,0,0
1.60135448160458E+018,88.0731515659615,11.3016424326839,62,0,0,40,44,0,0,0,0,0,0,0,0,0,0
1.60135448668458E+018,89.7416521291389,10.1723861091609,66,0,0,40,47,0,0,0,0,0,0,0,0,0,0
1.60135449176458E+018,91.4317021421631,9.03817746496794,65,0,0,44,44,0,0,0,0,0,0,0,0,0,0
1.60135449668458E+018,92.9615736352793,7.82096954855362,65,0,0,47,43,0,0,0,0,0,0,0,0,0,0
1.60135450166458E+018,94.4509419837682,6.49562872754889,72,0,0,44,43,0,0,0,0,0,0,0,0,0,0
1.60135450666458E+018,95.9582575539023,5.19101221394893,0,0,0,47,40,0,0,0,0,0,0,0,0,0,0
1.60135451166458E+018,97.0145707328092,4.239901660353,69,0,0,47,46,0,0,0,0,0,0,0,0,0,0
1.60135451674458E+018,97.7741500398756,3.43019900627974,67,0,0,51,40,0,0,0,0,0,0,0,0,0,0
1.60135452166458E+018,99.1822284395743,2.08651139380283,64,0,0,49,44,0,0,0,0,0,0,0,0,0,0
1.60135452670458E+018,100.600458756878,0.659859834645614,60,0,0,53,49,0,0,0,0,0,0,0,0,0,0
1.60135453166458E+018,101.809287592863,-0.898857304657167,58,0,0,47,40,0,0,0,0,0,0,0,0,0,0
1.60135453674458E+018,103.070978958195,-2.49788590563796,65,0,0,56,40,0,0,0,0,0,0,0,0,0,0
1.60135454170458E+018,104.248263667214,-4.08365578737634,61,0,0,56,40,0,0,0,0,0,0,0,0,0,0
1.60135454666458E+018,104.925800272631,-5.05955167523168,66,0,0,60,40,0,0,0,0,0,0,0,0,0,0
1.60135455162458E+018,105.8136491422,-6.36308793906875,69,0,0,55,40,0,0,0,0,0,0,0,0,0,0
1.60135455678458E+018,106.94902125504,-8.06666286902836,73,0,0,57,40,0,0,0,0,0,0,0,0,0,0
1.60135456170458E+018,107.979603556618,-9.75229397281371,64,0,0,57,43,0,0,0,0,0,0,0,0,0,0
1.60135456666459E+018,108.939627852692,-11.4795272325228,56,0,0,0,40,0,0,0,0,0,0,0,0,0,0
1.60135457162458E+018,109.834738478967,-13.2394080650936,53,0,0,0,40,0,0,0,0,0,0,0,0,0,0
1.60135457678458E+018,110.739419946337,-15.0868293545466,53,0,0,0,40,0,0,0,0,0,0,0,0,0,0
1.60135458174459E+018,111.497558286296,-16.9142213456385,57,0,0,0,40,0,0,0,0,0,0,0,0,0,0
1.60135458658458E+018,112.224555371524,-18.7093180904383,56,0,0,0,40,0,0,0,0,0,0,0,0,0,0
1.60135459174458E+018,112.891131541478,-20.6549511193468,54,0,0,0,40,0,0,0,0,0,0,0,0,0,0
1.60135459666458E+018,113.347432993448,-22.5785476868894,56,0,0,0,40,0,0,0,0,0,0,0,0,0,0
1.60135460174454E+018,113.777028330079,-24.5497517534821,54,0,0,0,40,0,0,0,0,0,0,0,0,0,0
1.60135460662458E+018,114.345467060716,-26.4116052486577,60,0,0,0,40,0,0,0,0,0,0,0,0,0,0
1.60135461166457E+018,114.746670321282,-28.3901638930786,57,0,0,0,40,0,0,0,0,0,0,0,0,0,0
1.60135461660458E+018,114.905428717378,-30.3412704123845,56,0,0,70,40,0,0,0,0,0,0,0,0,0,0
1.60135462170461E+018,115.284390929585,-32.3341192208129,47,0,0,74,40,0,0,0,0,0,0,0,0,0,0
1.60135462662458E+018,115.461564910116,-34.2980803971986,51,0,0,73,40,0,0,0,0,0,0,0,0,0,0
1.60135463178458E+018,115.60136148064,-36.1534076270878,48,0,0,78,40,0,0,0,0,0,0,0,0,0,0
1.60135463664458E+018,115.709224824829,-37.888265356329,47,0,0,80,40,0,0,0,0,0,0,0,0,0,0
1.60135464170457E+018,115.821682425983,-39.8990093947481,45,0,0,0,40,0,0,0,0,0,0,0,0,0,0
1.60135464666461E+018,115.618795431351,-41.8652333506121,42,0,0,0,44,0,0,0,0,0,0,0,0,0,0
1.60135465178458E+018,115.357337279498,-43.9076226044381,44,0,0,81,40,0,0,0,0,0,0,0,0,0,0
1.6013546567846E+018,115.262958612502,-45.8982138406802,46,0,0,80,48,0,0,0,0,0,0,0,0,0,0
1.60135466170461E+018,114.90509184066,-47.8229541388865,41,0,0,79,40,0,0,0,0,0,0,0,0,0,0
1.60135466658458E+018,114.67736522252,-49.7655628567442,40,0,0,80,40,0,0,0,0,0,0,0,0,0,0
1.60135467166458E+018,114.139516169317,-51.7029274676323,40,0,0,84,40,0,0,0,0,0,0,0,0,0,0
1.60135467658458E+018,113.624938162028,-53.6103813325859,40,0,0,85,46,0,0,0,0,0,0,0,0,0,0
1.60135468162458E+018,113.187000663441,-55.5553498031824,40,0,0,0,49,0,0,0,0,0,0,0,0,0,0
1.60135468660458E+018,112.496669861568,-57.4287401246294,40,0,0,84,48,0,0,0,0,0,0,0,0,0,0
1.60135469174461E+018,111.689260379532,-59.3159924753587,40,0,0,84,48,0,0,0,0,0,0,0,0,0,0
1.60135469668461E+018,110.971232383951,-61.1381951986308,40,0,0,0,46,0,0,0,0,0,0,0,0,0,0
1.60135470172458E+018,110.139033564863,-62.9743828915557,50,0,0,0,41,0,0,0,0,0,0,0,0,0,0
1.60135470656458E+018,109.266413331911,-64.6990158047418,40,0,0,0,43,0,0,0,0,0,0,0,0,0,0
1.60135471168459E+018,108.310024861548,-66.4967338145077,40,0,0,0,44,0,0,0,0,0,0,0,0,0,0
1.60135471660458E+018,107.345954690806,-68.2196512196952,40,0,0,85,47,0,0,0,0,0,0,0,0,0,0
1.60135472172461E+018,106.275980015604,-69.9577978575011,40,0,0,82,53,76,67,80,0,0,0,0,0,0,0
1.60135472672458E+018,105.019763285558,-71.5065442771409,40,0,0,83,57,54,58,65,0,0,0,0,0,0,0
1.6013547316846E+018,104.171664682342,-72.5820931270819,40,0,0,0,55,69,66,0,0,0,0,0,0,0,0
1.60135473668454E+018,104.869193200775,-71.6283724344609,40,0,0,0,57,75,75,0,0,0,0,0,0,0,0
1.60135474176458E+018,105.70664336798,-70.2852530632173,40,0,0,0,57,70,59,0,82,0,0,0,0,0,0
1.60135474668458E+018,106.08986603162,-70.406369505317,40,0,0,0,55,52,56,53,56,0,0,0,0,0,0
1.60135475160458E+018,107.197945983134,-70.8366405511615,40,0,0,0,0,47,55,54,55,68,0,0,0,0,0
1.60135475664458E+018,107.683480660124,-71.1153647412838,40,0,0,0,0,51,46,58,55,67,78,0,0,0,0
1.60135476160458E+018,109.418291201516,-72.0222885493726,40,0,0,0,68,50,47,57,57,69,80,0,0,0,0
1.60135476660458E+018,111.176847411064,-72.9458114460469,40,0,0,0,73,50,40,53,57,71,82,0,0,0,0
1.60135477174458E+018,112.882893762692,-74.0892339120327,40,0,0,0,81,52,50,51,53,68,80,0,0,0,0
1.60135477676458E+018,114.503540333339,-75.2918371289198,40,0,0,0,0,46,40,46,49,63,76,78,0,0,0
1.60135478164458E+018,116.046262467735,-76.4653303139391,40,0,0,0,0,57,42,50,51,67,78,0,0,0,0
1.60135478680458E+018,117.603347901002,-77.8124853398633,40,0,0,0,0,40,40,52,52,65,78,78,0,0,0
1.60135479172458E+018,119.053052433735,-79.1564059986077,40,0,0,0,0,40,47,48,48,63,77,77,0,0,0
1.60135479666458E+018,120.47959794131,-80.5241393538201,40,0,0,0,0,40,40,49,50,65,79,0,0,0,0
1.60135480158462E+018,121.744469632439,-82.0211313103751,40,0,0,0,0,41,40,49,49,65,79,0,0,0,0
1.60135480678459E+018,123.121339853988,-83.5823121275737,40,0,0,0,0,0,40,56,52,64,76,78,0,0,0
1.60135481162458E+018,124.314879542386,-85.0956326462638,50,0,0,0,0,57,40,47,49,61,76,75,0,0,0
1.60135481674458E+018,125.426068106962,-86.7915814542527,44,0,0,0,0,40,40,58,63,69,75,76,0,0,0
1.60135482178458E+018,126.673887829249,-88.3690199611742,40,0,0,0,0,40,40,43,56,69,75,73,0,0,0
1.60135482662458E+018,127.784020279085,-89.9589779741705,40,0,0,0,0,40,40,44,48,73,76,74,0,0,0
1.60135483168456E+018,129.002200745771,-91.569106012393,45,0,0,0,0,40,41,0,0,0,0,0,0,0,0
1.60135483662458E+018,129.795155047244,-93.0827787796252,50,0,0,0,0,40,40,44,44,61,73,0,0,0,0
1.60135484170458E+018,130.634936530725,-94.5965076342591,55,0,0,0,0,44,42,42,43,56,69,74,0,0,0
1.60135484672458E+018,131.309128500299,-95.8857194495564,51,0,0,0,0,40,48,40,43,56,70,74,0,0,0
1.60135485160458E+018,131.646645345116,-96.5583575091437,47,0,0,0,0,40,47,40,42,54,68,72,0,0,0
1.60135485668458E+018,132.537981260982,-98.3797284267786,46,0,0,0,0,40,44,40,42,54,69,73,0,0,0
1.60135486164458E+018,133.427012486826,-100.137839730984,51,0,0,0,0,40,40,41,0,55,66,72,0,0,0
1.60135486676458E+018,134.281422286323,-101.984562064399,51,0,0,0,0,40,40,49,52,57,67,69,0,0,0
1.60135487172458E+018,134.924727226339,-103.851763721526,46,0,0,0,0,40,43,40,43,60,68,69,0,0,0
1.60135487668458E+018,135.534416486484,-105.749465717474,54,0,0,0,0,40,47,42,40,59,68,68,0,0,0
1.60135488164458E+018,136.113805316476,-107.643129538504,65,0,0,0,0,40,52,40,40,59,74,71,0,0,0
1.60135488676467E+018,136.723258023088,-109.586485425264,60,0,0,0,0,40,48,40,40,54,79,73,0,0,0
1.60135489168458E+018,137.162952452064,-111.515169480282,63,0,0,0,0,40,50,40,40,56,78,73,0,0,0
1.60135489676458E+018,137.585135213321,-113.487856290846,57,0,0,0,0,40,53,40,40,52,72,74,0,0,0
1.60135490172458E+018,137.930379902049,-115.435622873874,60,0,0,0,0,40,59,40,40,51,67,71,0,0,0
1.60135490678458E+018,138.306147666763,-117.417011486823,63,0,0,0,0,40,62,40,40,47,63,67,0,0,0
1.6013549116846E+018,138.485726118702,-119.364410090795,0,0,0,0,0,40,57,40,40,48,63,63,0,0,0
1.60135491676458E+018,138.627897957726,-121.396441351999,64,0,0,0,0,41,58,40,40,50,68,63,0,0,0
1.60135492168459E+018,138.843125959466,-123.336576256041,65,0,0,0,0,40,56,40,40,53,81,63,0,0,0
1.60135492656461E+018,138.935245892499,-125.292052667782,61,0,0,0,0,40,57,40,40,52,76,61,0,0,0
1.60135493174454E+018,138.919043861646,-127.353406087065,59,0,0,0,0,0,55,40,40,53,64,61,0,0,0
1.60135493668458E+018,138.776240552242,-129.329198132165,60,0,0,0,0,40,59,40,42,58,57,60,0,0,0
1.60135494160458E+018,138.640195615178,-131.286826523823,64,0,0,0,0,44,0,40,40,51,58,61,0,0,0
1.60135494664458E+018,138.378237714933,-133.283072962618,65,0,0,0,0,45,0,40,40,44,56,61,0,0,0
1.60135495168458E+018,138.097964583242,-135.283774368044,0,0,0,0,0,0,0,40,40,43,57,61,0,0,0
1.60135495666458E+018,137.779933267251,-137.236514400925,65,0,0,0,0,54,71,40,40,41,55,58,0,0,0
1.60135496166458E+018,137.347904430866,-139.187046652077,63,0,0,0,0,55,67,43,40,40,54,56,0,0,0
1.6013549666846E+018,136.799480984905,-141.130833989863,59,0,0,0,0,44,65,40,40,42,56,56,0,0,0
1.60135497164461E+018,136.390447459497,-143.071546530413,65,0,0,0,0,47,70,40,40,43,55,54,0,0,0
1.60135497672458E+018,135.851347820951,-145.010414217002,71,0,0,0,0,53,70,40,40,46,55,52,0,0,0
1.60135498168458E+018,135.256387358526,-146.916234066588,69,0,0,0,0,50,70,40,40,40,52,53,0,0,0
1.60135498672456E+018,134.422334551071,-148.726976400945,74,0,0,0,0,54,71,40,40,44,48,57,0,0,0
1.60135499168458E+018,133.498630801125,-150.498960945176,77,0,0,0,0,67,71,51,40,40,51,68,0,0,0
1.60135499668458E+018,132.75204021802,-152.345932886055,75,0,0,0,0,74,73,47,40,40,55,61,0,0,0
1.60135500170458E+018,131.866353945395,-154.137869607887,76,0,0,0,0,0,73,42,40,40,52,55,0,0,0
1.60135500662458E+018,130.896238646691,-155.831540258345,72,0,0,0,0,69,72,43,40,40,53,50,79,0,0
1.60135501174458E+018,129.805419733676,-157.579347261868,75,0,0,0,0,62,76,46,40,40,0,49,77,0,0
1.60135501670458E+018,128.704650401343,-159.222619742982,74,0,0,0,0,60,74,59,40,40,46,48,73,0,0
1.60135502166461E+018,127.531824121853,-160.811055901834,77,0,0,0,0,60,0,50,40,40,48,49,75,0,0
1.60135502672458E+018,126.351788964668,-162.444654911414,77,0,0,0,0,59,75,45,40,47,40,50,74,0,0
1.60135503172458E+018,125.094842886899,-164.002525956799,76,0,0,0,0,62,0,44,40,40,41,56,76,0,0
1.60135503664458E+018,123.824774786305,-165.521289156896,75,0,0,0,0,60,0,48,40,40,40,49,0,0,0
1.60135504176458E+018,122.506489019017,-167.067584560591,76,0,0,0,0,64,0,46,40,40,47,42,0,0,0
1.60135504664458E+018,121.039801830596,-168.360764820706,75,0,0,0,0,68,0,46,40,40,41,41,74,0,0
1.60135505172458E+018,119.598710065105,-169.770208943261,73,0,0,0,0,68,0,51,40,40,40,42,70,0,0
1.60135505662458E+018,118.102611055424,-171.028645734077,76,0,0,0,0,67,0,58,40,40,40,41,69,0,0
1.60135506176458E+018,116.580527025477,-172.412315665364,76,0,0,0,0,64,0,61,54,40,40,40,67,0,0
1.60135506666458E+018,115.080307247468,-173.669409383403,79,0,0,0,0,66,0,59,44,40,40,42,66,0,0
1.60135507166458E+018,113.416757979502,-174.76911660863,76,0,0,0,0,60,0,55,40,40,40,46,69,0,0
1.60135507678458E+018,111.689882433733,-175.849082271533,79,0,0,0,0,63,0,54,40,40,40,40,69,0,0
1.60135508174455E+018,110.04884916707,-176.945654485616,78,0,0,0,0,64,0,55,40,40,40,40,73,0,0
1.60135508670458E+018,108.355634934685,-177.96397727182,0,0,0,0,0,65,0,60,0,42,40,40,79,0,0
1.60135509170458E+018,106.57793337215,-178.871753233735,0,0,0,0,0,0,0,0,0,48,40,46,73,0,0
1.60135509666461E+018,104.780679017591,-179.745915623909,0,0,0,0,0,0,0,0,43,41,40,51,67,0,0
1.60135510166461E+018,103.002792229141,-180.648426596911,0,0,0,0,0,0,0,67,0,42,40,44,65,0,0
1.60135510658458E+018,101.30338785949,-181.25397355953,0,0,0,0,0,72,0,62,59,42,40,40,65,0,0
1.60135511174458E+018,99.4726255279101,-181.940675613545,81,0,0,0,0,70,0,61,53,45,40,40,64,0,0
1.60135511678458E+018,97.6156449154835,-182.72102259769,0,0,0,0,0,75,0,64,52,43,40,40,62,0,0
1.60135512154458E+018,95.8269330418802,-183.344469323894,0,0,0,0,0,72,0,60,46,45,40,40,59,0,0
1.60135512662461E+018,93.8633439486843,-183.889102357253,0,0,0,0,0,71,0,63,46,63,40,40,60,0,0
1.60135513174458E+018,91.8462779069982,-184.180933609308,0,0,0,0,0,70,0,62,42,57,40,40,64,0,0
1.60135513678458E+018,89.8843671196365,-184.636201339976,0,0,0,0,0,73,0,63,42,47,40,40,66,0,0
1.60135514164458E+018,87.9796563388835,-184.971629069955,0,0,0,0,0,72,0,65,44,44,52,40,60,0,0
1.60135514674458E+018,85.9557049117015,-185.200900522987,0,0,0,0,0,0,0,66,44,44,46,40,58,0,0
1.60135515168458E+018,83.992206024111,-185.450063135556,0,0,0,0,0,0,0,71,52,47,52,40,49,0,0
1.60135515670458E+018,81.9961694475058,-185.460196359385,0,0,0,0,0,75,0,73,54,47,49,40,51,0,0
1.60135516170458E+018,79.9965935071523,-185.487521891,0,0,0,0,0,0,0,74,60,50,46,40,49,0,0
1.60135516670458E+018,78.0004978722571,-185.516692624771,0,0,0,0,0,78,0,76,61,0,0,40,52,0,0
1.60135517162458E+018,76.1305790651222,-186.134704476151,0,0,0,0,0,0,0,72,56,61,43,40,40,0,0
1.6013551766246E+018,74.3295244989248,-186.939836245559,0,0,0,0,0,0,0,72,52,62,46,42,40,0,0
1.60135518170458E+018,72.6639891723648,-187.68639588241,0,0,0,0,0,0,0,0,67,0,61,41,40,0,0
1.60135518662456E+018,70.8321883946842,-188.354787516963,0,0,0,0,0,0,0,0,0,69,57,47,40,0,0
1.60135519170458E+018,68.8812349391227,-188.951200659024,0,0,0,0,0,0,0,0,75,70,53,42,40,0,0
1.60135519662458E+018,66.9957717275117,-189.46732895808,0,0,0,0,0,0,0,0,69,63,54,41,40,78,0
1.60135520166458E+018,65.0798077363873,-190.085327173164,0,0,0,0,0,0,0,0,78,0,70,49,40,76,0
1.60135520658458E+018,63.1904241672918,-190.594468114657,0,0,0,0,0,0,0,0,0,0,0,45,40,75,0
1.60135521174458E+018,61.1565148035258,-190.888039332726,0,0,0,0,0,0,0,0,0,76,68,52,40,75,0
1.60135521666458E+018,59.2061857562181,-191.220700718217,0,0,0,0,0,0,0,0,79,0,74,56,40,73,0
1.60135522172458E+018,57.2202386657983,-191.556207280746,0,0,0,0,0,0,0,0,79,0,71,57,40,72,0
1.60135522662458E+018,55.2688347891649,-191.61325157929,0,0,0,0,0,0,0,0,75,81,69,58,40,59,0
1.60135523178456E+018,53.2800602980948,-192.110374724237,0,0,0,0,0,0,0,0,0,0,77,56,40,53,0
1.60135523674455E+018,52.2954027231342,-193.427622171896,0,0,0,0,0,0,0,0,0,0,71,56,40,59,59
1.60135524174459E+018,52.0128790539394,-193.810775905707,0,0,0,0,0,0,0,0,0,0,0,0,40,47,61
1.60135524674458E+018,50.5980217611593,-194.217062472155,0,0,0,0,0,0,0,0,0,0,80,69,40,48,0
1.60135525166458E+018,50.3252010947896,-194.162513817201,0,0,0,0,0,0,0,0,0,0,0,0,40,50,80
1.60135525666459E+018,50.2180328812506,-194.116387504318,0,0,0,0,0,0,0,0,0,0,0,78,40,69,68
1.60135526162459E+018,49.2058696299686,-193.395923860521,0,0,0,0,0,0,0,0,0,0,0,76,46,64,65
1.60135526670461E+018,47.5729094440198,-192.254199087685,0,0,0,0,0,0,0,0,0,0,0,0,40,0,0
1.60135527162455E+018,46.0410244543275,-191.011692065171,0,0,0,0,0,0,0,0,0,0,0,0,40,62,80
1.60135527674458E+018,44.5148134592848,-189.666829862784,0,0,0,0,0,0,0,0,0,0,0,0,40,67,76
1.60135528162458E+018,43.1582865100565,-188.263489370091,0,0,0,0,0,0,0,0,0,0,0,0,48,65,78
1.60135528674459E+018,41.6989952573561,-186.846133477435,0,0,0,0,0,0,0,0,0,0,0,0,48,69,0
1.60135529162458E+018,40.2443921505318,-185.542107360317,0,0,0,0,0,0,0,0,0,0,0,0,56,73,0
1.60135529662458E+018,38.8994519198223,-184.076840517477,0,0,0,0,0,0,0,0,0,0,0,0,58,79,0
1.60135530166458E+018,37.6761634792669,-182.502091916578,0,0,0,0,0,0,0,0,0,0,0,0,52,73,0
1.60135530668458E+018,36.3813346242346,-180.965264461521,0,0,0,0,0,0,0,0,0,0,0,0,48,80,0
1.60135531166459E+018,35.1335891146248,-179.437177176322,0,0,0,0,0,0,0,0,0,0,0,0,52,75,0
1.60135531662458E+018,33.9497182230086,-177.849865389476,0,0,0,0,0,0,0,0,0,0,0,0,47,70,0
1.60135532170458E+018,32.8310735203664,-176.183819208262,0,0,0,0,0,0,0,0,0,0,0,0,51,81,0
1.60135532666465E+018,32.4441069221532,-175.826056514444,0,0,0,0,0,0,0,0,0,0,0,0,46,0,0
1.60135533176458E+018,32.9546673572027,-176.505192735667,0,0,0,0,0,0,0,0,0,0,0,0,62,0,0
1.60135533666461E+018,34.0014283045179,-177.597279578506,0,0,0,0,0,0,0,0,0,0,0,0,59,0,0
1.60135534172458E+018,34.9123372359977,-178.655026413232,0,0,0,0,0,0,0,0,0,0,0,0,53,75,0
1.60135534678458E+018,36.1972749023156,-180.189920002836,0,0,0,0,0,0,0,0,0,0,0,0,69,0,0
1.60135535170458E+018,37.3118792977732,-181.568408753215,0,0,0,0,0,0,0,0,0,0,0,0,56,80,0
1.60135535662458E+018,38.4332075247954,-182.908867139173,0,0,0,0,0,0,0,0,0,0,0,0,46,78,0
1.60135536170458E+018,39.6019422182076,-184.324209874602,0,0,0,0,0,0,0,0,0,0,0,0,63,71,0
1.60135536662469E+018,40.7765900907906,-185.878497549699,0,0,0,0,0,0,0,0,0,0,0,0,46,73,0
1.60135537168461E+018,41.5691696455056,-187.081856854696,0,0,0,0,0,0,0,0,0,0,0,0,56,72,0
1.60135537674458E+018,42.327755792001,-188.25951048955,0,0,0,0,0,0,0,0,0,0,0,0,60,70,0
1.60135538172458E+018,43.173944378287,-189.60823408035,0,0,0,0,0,0,0,0,0,0,0,0,48,68,78
1.60135538664459E+018,43.9059917082007,-190.941974630226,0,0,0,0,0,0,0,0,0,0,0,0,43,62,75
1.60135539160458E+018,44.9364633666036,-192.615099417824,0,0,0,0,0,0,0,0,0,0,0,0,44,65,76
1.60135539664458E+018,45.772185148758,-194.443732171228,0,0,0,0,0,0,0,0,0,0,0,0,40,62,77
1.60135540164457E+018,46.4181353398769,-196.333618238404,0,0,0,0,0,0,0,0,0,0,0,0,40,59,78
1.60135540678458E+018,46.9535590731572,-198.201074094076,0,0,0,0,0,0,0,0,0,0,0,0,40,64,75
1.60135541176458E+018,45.2162575069921,-199.063385337778,0,0,0,0,0,0,0,0,0,0,0,0,40,46,59
1.60135541668458E+018,43.419251103936,-199.873707400148,0,0,0,0,0,0,0,0,0,0,0,0,40,40,61
1.60135542160457E+018,41.5215337716924,-200.321916935532,0,0,0,0,0,0,0,0,0,0,0,0,40,40,68
1.60135542674458E+018,39.5417656537651,-200.887115726214,0,0,0,0,0,0,0,0,0,0,0,0,40,40,65
1.60135543172458E+018,37.6176168060706,-201.400284383939,0,0,0,0,0,0,0,0,0,0,0,0,40,40,55
1.60135543670454E+018,35.7161001932807,-201.916438722575,0,0,0,0,0,0,0,0,0,0,0,0,40,40,47
1.60135544174458E+018,33.7338307947449,-202.284761000445,0,0,0,0,0,0,0,0,0,0,0,0,40,40,48
1.60135544662459E+018,31.8109450277173,-202.630044930939,0,0,0,0,0,0,0,0,0,0,0,0,40,40,46
1.60135545166459E+018,30.0388829092786,-202.952849483199,0,0,0,0,0,0,0,0,0,0,0,0,40,40,45
1.60135545670458E+018,28.2216075581129,-203.027780941923,0,0,0,0,0,0,0,0,0,0,0,0,40,40,40
1.60135546174458E+018,26.6306017170821,-203.161260508626,0,0,0,0,0,0,0,0,0,0,0,0,40,40,40
1.60135546662458E+018,24.7384234908229,-203.517704394864,0,0,0,0,0,0,0,0,0,0,0,0,40,40,44
1.60135547172458E+018,22.7093271159214,-203.670734908043,0,0,0,0,0,0,0,0,0,0,0,0,40,40,62
1.60135547678458E+018,20.8718993636884,-203.754633761902,0,0,0,0,0,0,0,0,0,0,0,0,40,40,43
1.60135548162458E+018,18.9571322000672,-203.806507718438,0,0,0,0,0,0,0,0,0,0,0,0,40,40,40
1.60135548666458E+018,16.9449366158973,-203.818540450576,0,0,0,0,0,0,0,0,0,0,0,0,43,40,40
1.60135549166458E+018,14.9497863506136,-203.782458724243,0,0,0,0,0,0,0,0,0,0,0,0,46,40,40
1.60135549668458E+018,12.9582861960805,-203.700959423064,0,0,0,0,0,0,0,0,0,0,0,0,44,40,40
1.60135550170458E+018,10.9479950355684,-203.569326206731,0,0,0,0,0,0,0,0,0,0,0,0,46,40,40
1.60135550664458E+018,8.9818605902437,-203.394075151886,0,0,0,0,0,0,0,0,0,0,0,0,41,46,40
1.60135551172459E+018,6.98923021157452,-203.097600230774,0,0,0,0,0,0,0,0,0,0,0,0,44,42,40
1.60135551660458E+018,5.25584402013643,-202.827515946482,0,0,0,0,0,0,0,0,0,0,0,0,40,47,40
1.60135552172462E+018,3.24682130262678,-202.598335650127,0,0,0,0,0,0,0,0,0,0,0,0,44,46,40
1.60135552674461E+018,1.25229739637604,-202.330068096544,0,0,0,0,0,0,0,0,0,0,0,0,46,49,40
1.60135553158457E+018,-0.6356791658236,-201.997838315493,0,0,0,0,0,0,0,0,0,0,0,0,51,43,40
1.6013555367446E+018,-2.63549553631483,-201.461014215762,0,0,0,0,0,0,0,0,0,0,0,0,63,0,0
1.60135554174458E+018,-4.54492767311211,-200.885053208849,0,0,0,0,0,0,0,0,0,0,0,0,62,50,40
1.60135554666458E+018,-6.39927170626906,-200.267775926266,0,0,0,0,0,0,0,0,0,0,0,0,0,0,0
1.60135555172458E+018,-8.30057316241323,-199.594667912474,0,0,0,0,0,0,0,0,0,0,0,0,0,59,0
1.60135555670458E+018,-10.1676127689824,-198.897162274211,0,0,0,0,0,0,0,0,0,0,0,0,49,55,40
1.60135556164538E+018,-12.0425475121744,-198.353842782263,0,0,0,0,0,0,0,0,0,0,0,0,48,47,40
1.60135556676456E+018,-13.9596640684657,-197.624543698636,0,0,0,0,0,0,0,0,0,0,0,0,51,50,40
1.60135557162458E+018,-15.7795507824652,-196.960403061956,0,0,0,0,0,0,0,0,0,0,0,0,50,51,40
1.60135557672458E+018,-17.502802705495,-196.041767093727,0,0,0,0,0,0,0,0,0,0,0,0,61,49,40
1.60135558164458E+018,-18.8470752600969,-195.318267251093,0,0,0,0,0,0,0,0,0,0,0,0,52,49,40
1.60135558670458E+018,-20.222140823121,-194.20849337906,0,0,0,0,0,0,0,0,0,0,0,0,52,46,40
1.60135559164458E+018,-20.2349091853511,-192.860170338715,0,0,0,0,0,0,0,0,0,0,0,0,56,45,40
1.60135559668458E+018,-19.9646672437106,-192.43496609526,0,0,0,0,0,0,0,0,0,0,0,0,0,0,59
1.60135560162458E+018,-18.8201438224984,-190.867593431716,0,0,0,0,0,0,0,0,0,0,0,0,0,70,63
1.60135560672458E+018,-17.6182422616717,-189.238450224057,0,0,0,0,0,0,0,0,0,0,0,0,77,80,59
1.60135561174458E+018,-16.3691194964835,-187.687435379898,0,0,0,0,0,0,0,0,0,0,0,0,77,78,62
1.60135561662473E+018,-15.1741682623545,-186.139491520456,0,0,0,0,0,0,0,0,0,0,0,0,0,0,0
1.60135562170458E+018,-13.8703163781294,-184.5957254897,0,0,0,0,0,0,0,0,0,0,0,0,0,0,0
1.60135562666458E+018,-12.5489596682633,-183.096094342729,0,0,0,0,0,0,0,0,0,0,0,0,0,0,0
1.60135563174456E+018,-11.2535811869751,-181.55083352281,0,0,0,0,0,0,0,0,0,0,0,0,0,0,0
1.60135563670461E+018,-9.89754981677968,-180.111431889185,0,0,0,0,0,0,0,0,0,0,0,0,0,0,0
1.60135564178459E+018,-9.66567512689509,-179.842480022565,0,0,0,0,0,0,0,0,0,0,0,0,0,0,0
1.60135564666458E+018,-10.7256453847082,-181.248011615391,0,0,0,0,0,0,0,0,0,0,0,0,0,0,0
1.60135565170458E+018,-11.9280884440007,-182.827255649468,0,0,0,0,0,0,0,0,0,0,0,0,0,0,0
1.60135565678458E+018,-13.2364258080841,-184.364217735266,0,0,0,0,0,0,0,0,0,0,0,0,0,0,0
1.60135566174458E+018,-14.4668851287389,-185.903878436117,0,0,0,0,0,0,0,0,0,0,0,0,0,0,0
1.60135566660458E+018,-15.7705873360243,-187.318887083024,0,0,0,0,0,0,0,0,0,0,0,0,0,0,0
1.60135567174458E+018,-17.241298007052,-188.742690778489,0,0,0,0,0,0,0,0,0,0,0,0,0,0,0
1.60135567658458E+018,-18.6635363860867,-190.041513155647,0,0,0,0,0,0,0,0,0,0,0,0,0,0,0
1.60135568162458E+018,-20.157658235806,-191.357854237166,0,0,0,0,0,0,0,0,0,0,0,0,0,0,0
1.60135568662459E+018,-21.3531714820882,-192.391290950076,0,0,0,0,0,0,0,0,0,0,0,0,0,0,0
1.60135569162456E+018,-21.3655150085914,-192.40278684717,0,0,0,0,0,0,0,0,0,0,0,0,0,0,60
1.60135569674457E+018,-21.4672533752424,-193.369923065805,0,0,0,0,0,0,0,0,0,0,0,0,72,0,50
1.60135570162458E+018,-20.4551349552267,-194.750548562667,0,0,0,0,0,0,0,0,0,0,0,0,51,53,40
1.60135570670455E+018,-19.1807430318579,-196.313787833727,0,0,0,0,0,0,0,0,0,0,0,0,62,47,41
1.60135571158458E+018,-17.9531604950538,-197.794924644311,0,0,0,0,0,0,0,0,0,0,0,0,57,46,40
1.60135571662458E+018,-16.8575876669364,-199.489865857085,0,0,0,0,0,0,0,0,0,0,0,0,53,46,43
1.60135572166458E+018,-16.0039019800368,-201.319981767808,0,0,0,0,0,0,0,0,0,0,0,0,51,47,40
1.60135572670454E+018,-15.6532848314204,-201.920749487149,0,0,0,0,0,0,0,0,0,0,0,0,57,61,40
1.60135573158458E+018,-14.2844375238116,-203.193364671866,0,0,0,0,0,0,0,0,0,0,0,0,60,50,40
1.60135573658458E+018,-13.1422424678602,-204.826475608724,0,0,0,0,0,0,0,0,0,0,0,0,47,52,40
1.60135574172459E+018,-12.1179012222342,-206.597647512465,0,0,0,0,0,0,0,0,0,0,0,0,49,61,40
1.60135574676458E+018,-11.2210577872432,-208.407168871899,0,0,0,0,0,0,0,0,0,0,0,0,50,50,40
1.60135575164458E+018,-10.174134165334,-210.030567839316,0,0,0,0,0,0,0,0,0,0,0,0,50,46,40
1.60135575672458E+018,-9.248598209767,-211.83985280022,0,0,0,0,0,0,0,0,0,0,0,0,47,48,40
1.60135576176458E+018,-8.39994397806661,-213.63989931406,0,0,0,0,0,0,0,0,0,0,0,0,46,0,40
1.60135576676458E+018,-7.59879219645546,-215.48946684535,0,0,0,0,0,0,0,0,0,0,0,0,47,52,46
1.60135577166457E+018,-6.84765335886389,-217.269404583391,0,0,0,0,0,0,0,0,0,0,0,0,43,40,40
1.60135577660455E+018,-6.2477454540687,-219.143883978146,0,0,0,0,0,0,0,0,0,0,0,0,40,40,40
1.60135578172494E+018,-5.61672099916872,-221.095990055772,0,0,0,0,0,0,0,0,0,0,0,0,41,41,40
1.60135578676458E+018,-5.09011319104703,-223.014986480278,0,0,0,0,0,0,0,0,0,0,0,0,42,40,40
1.60135579160459E+018,-4.65711201423334,-224.897898160751,0,0,0,0,0,0,0,0,0,0,0,0,49,41,40
1.60135579670458E+018,-4.26786659251023,-226.889325774338,0,0,0,0,0,0,0,0,0,0,0,0,54,40,40
1.60135580162458E+018,-3.95040262808212,-228.837780894007,0,0,0,0,0,0,0,0,0,0,0,0,50,41,40
1.60135580674458E+018,-3.6867516470703,-230.85103624745,0,0,0,0,0,0,0,0,0,0,0,0,40,41,50
1.60135581170458E+018,-3.43907391840071,-232.8104608356,0,0,0,0,0,0,0,0,0,0,0,0,40,40,41
1.60135581662458E+018,-3.22195546400655,-234.749210735193,0,0,0,0,0,0,0,0,0,0,0,0,40,40,40
1.60135582174458E+018,-3.11647330334739,-236.798425954407,0,0,0,0,0,0,0,0,0,0,0,0,40,40,45
1.60135582666458E+018,-3.04319976641514,-238.75125693331,0,0,0,0,0,0,0,0,0,0,0,0,40,40,56
1.60135583168458E+018,-3.07475992924179,-240.764602946817,0,0,0,0,0,0,0,0,0,0,0,0,40,40,44
1.60135583674458E+018,-3.16192784149182,-242.77681056015,0,0,0,0,0,0,0,0,0,0,0,0,40,40,43
1.60135584164458E+018,-3.28953569079738,-244.725312059371,0,0,0,0,0,0,0,0,0,0,0,0,40,40,46
1.60135584674458E+018,-3.48799079983569,-246.746487870024,0,0,0,0,0,0,0,0,0,0,0,0,40,40,46
1.60135585172458E+018,-3.74787895869485,-248.374920735766,0,0,0,0,0,0,0,0,0,0,0,0,40,40,41
1.60135585660459E+018,-4.08846608029419,-250.295743680701,0,0,0,0,0,0,0,0,0,0,0,0,40,41,43
1.60135586176458E+018,-4.49543730478209,-252.306911483539,0,0,0,0,0,0,0,0,0,0,0,0,40,47,46
1.60135586670467E+018,-4.93254590885317,-254.22925032534,0,0,0,0,0,0,0,0,0,0,0,0,40,44,51
1.60135587166461E+018,-5.41687889350874,-256.144462107061,0,0,0,0,0,0,0,0,0,0,0,0,40,41,59
1.60135587674459E+018,-5.8938490684668,-258.118788306577,0,0,0,0,0,0,0,0,0,0,0,0,0,40,0
1.60135588166459E+018,-6.36816925442326,-260.027496220101,0,0,0,0,0,0,0,0,0,0,0,0,0,40,0
1.60135588678468E+018,-7.09971387653567,-261.928730721766,0,0,0,0,0,0,0,0,0,0,81,71,40,40,64
1.60135589162458E+018,-8.69533375731567,-262.884226026048,0,0,0,0,0,0,0,0,0,0,72,0,40,40,60
1.60135589666458E+018,-10.036814209612,-263.24920519118,0,0,0,0,0,0,0,0,0,77,61,44,40,57,77
1.60135590170458E+018,-11.9959969115642,-263.587210174154,0,0,0,0,0,0,0,0,74,81,66,44,40,65,75
1.60135590674458E+018,-13.9840703985562,-263.880578265201,0,0,0,0,0,0,0,0,0,76,64,45,40,60,0
1.60135591160458E+018,-15.8997490296895,-264.129246362402,0,0,0,0,0,0,0,0,72,0,0,51,40,63,77
1.60135591672459E+018,-17.9364254309773,-264.352495836969,0,0,0,0,0,0,0,0,0,0,0,62,47,73,0
1.60135592178458E+018,-19.9538127358892,-264.431092077932,0,0,0,0,0,0,0,0,71,0,64,54,40,0,0
1.60135592676458E+018,-21.9349931062663,-264.422937079802,0,0,0,0,0,0,0,0,75,71,66,49,41,79,0
1.60135593164461E+018,-23.8811755586846,-264.573756606154,0,0,0,0,0,0,0,0,67,66,52,42,40,64,0
1.60135593672458E+018,-25.9044623123028,-264.33962816645,0,0,0,0,0,0,0,0,65,72,67,45,40,68,0
1.60135594180458E+018,-27.9223539442233,-264.308756470077,0,0,0,0,0,0,0,0,63,66,56,42,46,74,0
1.60135594668456E+018,-29.8659378500591,-264.158326737205,0,0,0,0,0,0,0,0,60,59,51,41,51,77,0
1.60135595172458E+018,-31.7890428463065,-264.048149092408,0,0,0,0,0,0,0,78,60,71,52,40,56,0,0
1.60135595664458E+018,-32.6754494646916,-263.384195004279,0,0,0,0,0,75,0,69,48,52,49,40,46,0,0
1.60135596164458E+018,-34.1726715251349,-262.267017541985,0,0,0,0,0,72,0,71,51,50,40,40,47,0,0
1.60135596672457E+018,-35.1692925251663,-261.509061139932,0,0,0,0,0,75,0,64,48,53,40,40,47,0,0
1.60135597164458E+018,-36.2329440792572,-260.615994879304,0,0,0,0,0,71,0,67,48,60,40,40,59,0,0
1.60135597676458E+018,-37.7500341749272,-259.266135480829,0,0,0,0,0,72,0,68,50,57,40,40,57,0,0
1.60135598156458E+018,-39.0961813427621,-257.910784240639,0,0,0,0,0,73,0,65,0,49,40,40,0,0,0
1.60135598672458E+018,-40.5631817871254,-256.476715355148,0,0,0,0,0,74,0,63,46,48,40,40,68,0,0
1.60135599160458E+018,-41.9425948406745,-255.089988962796,83,0,0,0,0,71,0,62,47,46,40,40,58,0,0
1.60135599672458E+018,-43.4668992242167,-253.749309510905,82,0,0,0,0,71,0,63,46,41,40,40,54,0,0
1.60135600176458E+018,-44.7205792525698,-252.206972253674,82,0,0,0,0,74,0,61,44,42,40,40,60,0,0
1.60135600668458E+018,-46.0004692057846,-250.706353568885,79,0,0,0,0,69,0,59,40,41,40,40,72,0,0
1.60135601170459E+018,-47.339965770383,-249.23267202215,81,0,0,0,0,68,0,58,41,65,46,40,70,0,0
1.60135601662458E+018,-48.4634904007302,-247.638212254325,79,0,0,0,0,67,0,55,40,54,40,40,62,0,0
1.60135602166459E+018,-49.5789485162532,-245.96848528386,79,0,0,0,0,66,0,54,40,43,40,40,65,0,0
1.60135602676458E+018,-50.7051777567382,-244.278166842392,77,0,0,0,0,67,0,55,42,40,40,40,61,0,0
1.60135603180458E+018,-51.9028286919323,-242.661959932403,78,0,0,0,0,65,0,54,40,40,40,40,77,0,0
1.60135603660458E+018,-52.9124616330908,-241.04614654445,75,0,0,0,0,67,0,55,41,40,40,40,72,0,0
1.60135604176458E+018,-54.0294025812314,-239.325015148517,79,0,0,0,0,70,0,57,43,40,40,42,69,0,0
1.60135604668458E+018,-54.9842893322674,-237.599256883836,77,0,0,0,0,75,0,62,40,40,40,44,72,0,0
1.60135605172458E+018,-55.940095605512,-235.84547707085,78,0,0,0,0,70,0,59,40,48,40,42,79,0,0
1.60135605664458E+018,-56.7930091153269,-234.082364540256,76,0,0,0,0,64,0,53,40,40,40,41,79,0,0
1.60135606162458E+018,-57.6225833229217,-232.271640809652,77,0,0,0,0,64,0,52,40,40,40,46,78,0,0
1.60135606668459E+018,-58.4364099760435,-230.434870774302,73,0,0,0,0,60,79,51,40,49,40,52,78,0,0
1.60135607172458E+018,-59.1699615265794,-228.580040354404,73,0,0,0,0,59,81,53,40,40,40,55,72,0,0
1.60135607662458E+018,-59.9085924018501,-226.751715872098,73,0,0,0,0,61,78,53,40,40,40,53,74,0,0
1.60135608164455E+018,-60.6096183660891,-224.891033185756,69,0,0,0,0,61,0,53,43,40,40,58,75,0,0
1.60135608672458E+018,-61.2794950363561,-222.997364637656,70,0,0,0,0,68,77,51,40,40,40,52,0,0,0
1.60135609160458E+018,-61.8487654172447,-221.135189149962,69,0,0,0,0,63,0,46,40,40,40,54,0,0,0
1.60135609662458E+018,-62.3785216716884,-219.218527484952,70,0,0,0,0,62,0,43,40,40,40,48,0,0,0
1.60135610174458E+018,-62.8706747973799,-217.230542244158,68,0,0,0,0,55,76,44,40,40,40,51,0,0,0
1.60135610666453E+018,-63.1494697867355,-215.290944086322,68,0,0,0,0,55,72,41,40,40,40,58,0,0,0
1.60135611160458E+018,-63.5903405605178,-213.376199015747,67,0,0,0,0,53,70,43,40,40,49,56,0,0,0
1.60135611666488E+018,-64.01381830102,-211.412675971432,68,0,0,0,0,54,69,42,40,44,54,62,0,0,0
1.60135612166458E+018,-64.1890870804174,-209.429620630435,66,0,0,0,0,51,71,43,40,40,47,58,0,0,0
1.60135612678459E+018,-64.4773733444273,-207.397512364382,70,0,0,0,0,56,72,46,40,40,53,56,78,0,0
1.60135613174458E+018,-64.5925978204981,-205.432332877728,65,0,0,0,0,53,69,42,40,40,52,56,0,0,0
1.60135613658458E+018,-64.6805053278656,-203.50362484044,69,0,0,0,0,57,68,40,40,40,48,54,0,0,0
1.60135614170458E+018,-64.8130228993122,-201.475695441979,65,0,0,0,0,55,66,40,40,40,48,59,0,0,0
1.60135614662458E+018,-64.9443174029885,-199.506854200297,67,0,0,0,0,51,66,42,40,40,0,0,0,0,0
1.60135615162459E+018,-65.0748762192896,-197.52155388608,68,0,0,0,0,62,65,40,40,49,51,73,0,0,0
1.60135615678458E+018,-64.970122426769,-195.475802853051,68,0,0,0,0,51,66,40,40,43,53,62,0,0,0
1.60135616168458E+018,-64.7917464341712,-193.538577396219,66,0,0,0,0,48,67,40,40,43,59,60,0,0,0
1.60135616670458E+018,-64.5788620431239,-191.558671470492,64,0,0,0,0,46,0,40,40,42,57,60,0,0,0
1.60135617158458E+018,-64.3662518161517,-189.619545003133,61,0,0,0,0,57,67,40,40,44,61,68,0,0,0
1.60135617674458E+018,-64.1051700486938,-187.591552982421,59,0,0,0,0,47,69,40,40,41,62,63,0,0,0
1.60135618178458E+018,-63.7992815787353,-185.604214829031,58,0,0,0,0,46,67,40,40,43,60,64,0,0,0
1.60135618670458E+018,-63.5104084740161,-183.673181488094,59,0,0,0,0,47,66,40,40,43,0,68,0,0,0
1.60135619174458E+018,-63.1957860080696,-181.686003777282,61,0,0,0,0,41,67,40,40,42,64,0,0,0,0
1.60135619664458E+018,-62.8522782954425,-179.765916818658,59,0,0,0,0,42,69,40,40,49,64,74,0,0,0
1.60135620178458E+018,-62.1838249282156,-177.827705853617,57,0,0,0,0,40,59,40,42,48,68,64,0,0,0
1.60135620664458E+018,-61.6793094675783,-175.960748978865,55,0,0,0,0,46,53,40,41,56,67,70,0,0,0
1.60135621164458E+018,-61.1135635692801,-174.056945628061,52,0,0,0,0,40,53,40,40,55,73,73,0,0,0
1.60135621678458E+018,-60.2731206913113,-172.186487610024,52,0,0,0,0,40,52,40,44,52,70,68,0,0,0
1.60135622162457E+018,-59.7109055394163,-170.354178255095,54,0,0,0,0,41,52,40,40,57,72,71,0,0,0
1.60135622676457E+018,-58.9431164034129,-168.544208632718,57,0,0,0,0,44,56,40,49,59,72,72,0,0,0
1.60135623162458E+018,-58.2870777171163,-166.710912999047,58,0,0,0,0,40,49,40,0,0,0,0,0,0,0
1.6013562366246E+018,-57.4958856873876,-164.890878932616,54,0,0,0,0,40,55,40,59,71,72,75,0,0,0
1.60135624174458E+018,-56.8955714051509,-163.579153414945,54,0,0,0,0,40,57,40,52,71,69,72,0,0,0
1.60135624666458E+018,-56.059424322773,-161.815692987032,57,0,0,0,0,40,47,40,43,59,72,76,0,0,0
1.60135625162459E+018,-55.1666142376669,-160.03459323322,52,0,0,0,0,40,45,40,40,58,73,77,0,0,0
1.60135625666458E+018,-54.2406510919951,-158.270883967331,48,0,0,0,0,40,45,40,50,0,0,76,0,0,0
1.60135626170458E+018,-53.2700481645801,-156.507894920064,49,0,0,0,0,40,49,41,49,65,0,76,0,0,0
1.60135626670458E+018,-52.3040697629592,-154.768289690645,51,0,0,0,0,40,43,42,46,64,76,75,0,0,0
1.60135627158459E+018,-51.3742662747854,-153.055725769981,62,0,0,0,0,40,40,44,59,64,75,0,0,0,0
1.60135627664458E+018,-50.1974296298099,-151.425948905615,50,0,0,0,0,40,40,48,52,58,71,76,0,0,0
1.60135628178461E+018,-48.9430424703608,-149.811012399836,46,0,0,0,0,40,40,43,49,59,74,79,0,0,0
1.60135628670458E+018,-47.7613724939073,-148.259037737869,44,0,0,0,0,40,42,40,50,61,78,0,0,0,0
1.60135629166467E+018,-46.5713845514168,-146.688243718771,40,0,0,0,0,40,40,46,53,63,81,0,0,0,0
1.60135629658458E+018,-45.3530428942417,-145.137878389821,43,0,0,0,0,40,40,50,51,62,81,0,0,0,0
1.60135630166458E+018,-44.0420490507272,-143.625126723828,56,0,0,0,0,40,41,43,47,62,82,0,0,0,0
1.60135630668458E+018,-42.6842096526397,-142.142852728062,40,0,0,0,0,40,40,44,50,70,78,0,0,0,0
1.60135631170458E+018,-41.3022697174891,-140.715224117054,40,0,0,0,0,40,40,47,56,0,79,80,0,0,0
1.60135631662458E+018,-39.9107425020322,-139.329813068933,40,0,0,0,0,40,40,53,70,72,77,0,0,0,0
1.60135632178458E+018,-38.4286573475707,-137.911885733898,40,0,0,0,0,48,40,57,78,72,79,0,0,0,0
1.60135632662458E+018,-36.9820800428106,-136.631176620303,40,0,0,0,0,47,40,50,55,66,77,0,0,0,0
1.60135633162458E+018,-35.422080328354,-135.390286700359,40,0,0,0,0,40,40,54,56,68,0,0,0,0,0
1.60135633674461E+018,-33.9085302814366,-134.03791473989,40,0,0,0,0,40,40,54,56,71,0,0,0,0,0
1.60135634162456E+018,-32.358421493865,-132.853174736247,40,0,0,0,0,41,40,50,52,65,79,0,0,0,0
1.60135634674458E+018,-30.7632644474591,-131.593592098554,40,0,0,0,0,42,54,54,58,74,0,0,0,0,0
1.60135635158458E+018,-29.2067569252882,-130.443806701017,40,0,0,0,0,46,46,54,59,75,82,0,0,0,0
1.60135635662458E+018,-27.5587356535815,-129.287330218638,40,0,0,0,0,0,47,57,64,0,0,0,0,0,0
1.60135636170458E+018,-25.8688620640187,-128.195085966894,40,0,0,0,0,0,55,0,0,0,0,0,0,0,0
1.60135636670459E+018,-24.1619271461264,-127.177271017832,40,0,0,0,0,50,55,65,66,0,0,0,0,0,0
1.60135637178458E+018,-22.8606058816291,-125.956144253687,40,0,0,0,73,50,46,0,65,0,0,0,0,0,0
1.60135637670458E+018,-23.1242145941028,-125.32842903396,40,0,0,0,52,60,60,0,0,0,0,0,0,0,0
1.60135638178456E+018,-23.1549559209864,-125.286174610257,40,0,0,0,53,0,0,71,77,0,0,0,0,0,0
1.60135638666458E+018,-23.7580789035199,-124.119052694065,40,0,0,0,54,0,0,66,72,0,0,0,0,0,0
1.60135639166458E+018,-24.7112566639169,-122.35936982453,40,0,0,0,53,69,0,72,75,0,0,0,0,0,0
1.60135639674458E+018,-25.7290320322301,-120.633593654123,40,0,0,0,54,0,74,77,82,0,0,0,0,0,0
1.6013564015846E+018,-26.5815830534482,-118.906029927636,40,0,0,0,53,0,74,0,0,0,0,0,0,0,0
1.60135640670458E+018,-27.1393884077162,-117.599984911458,40,0,0,0,53,0,0,0,0,0,0,0,0,0,0
1.60135641166458E+018,-27.1183701359956,-117.648608187644,40,0,0,0,59,0,0,0,0,0,0,0,0,0,0
1.60135641660458E+018,-27.1143635922276,-117.657404657825,41,0,0,0,60,0,0,0,0,0,0,0,0,0,0
1.60135642172457E+018,-26.824629525152,-117.794760562564,40,0,0,0,71,0,0,0,0,0,0,0,0,0,0
1.60135642668459E+018,-25.8052319895567,-118.448679539852,40,0,0,0,64,0,0,0,0,0,0,0,0,0,0
1.60135643172456E+018,-24.156278455838,-119.549128748523,40,0,0,0,67,0,0,0,0,0,0,0,0,0,0
1.60135643672458E+018,-22.5658126305613,-120.730049511922,40,0,0,0,58,0,75,0,0,0,0,0,0,0,0
1.60135644160458E+018,-21.0280940197809,-121.893530987514,40,0,0,0,54,0,73,0,0,0,0,0,0,0,0
1.60135644672459E+018,-19.530397548346,-123.297028726744,40,0,0,0,54,73,68,0,0,0,0,0,0,0,0
1.60135645160461E+018,-18.0557063999769,-124.537280226046,40,0,0,82,53,47,50,53,56,68,81,0,0,0,0
1.60135645664458E+018,-16.5308088547415,-125.853574057646,40,0,0,80,49,53,53,71,70,78,0,0,0,0,0
1.60135646172458E+018,-15.112554509647,-127.303111387428,40,0,0,80,49,74,67,79,79,0,0,0,0,0,0
1.60135646672456E+018,-13.6496257442872,-128.661915934009,40,0,0,81,46,77,69,0,0,0,0,0,0,0,0
1.60135647174458E+018,-12.3302651116879,-130.152195701801,40,0,0,82,43,0,74,0,0,0,0,0,0,0,0
1.60135647662458E+018,-11.0459633601527,-131.620608265215,40,0,0,81,41,0,0,0,0,0,0,0,0,0,0
1.60135648170458E+018,-9.77086122217971,-133.174036359441,40,0,0,82,40,0,0,0,0,0,0,0,0,0,0
1.60135648658458E+018,-8.58422119440563,-134.718099253856,40,0,0,84,40,0,0,0,0,0,0,0,0,0,0
1.60135649164458E+018,-7.39371706147816,-136.342968792826,40,0,0,81,40,0,76,0,0,0,0,0,0,0,0
1.60135649674458E+018,-6.20301462899835,-137.991270149125,48,0,0,80,42,0,0,0,0,0,0,0,0,0,0
1.60135650166458E+018,-5.06871770229594,-139.596516030265,40,0,0,75,48,0,0,0,0,0,0,0,0,0,0
1.60135650670458E+018,-3.94336208516675,-141.24366078126,46,0,0,83,49,0,0,0,0,0,0,0,0,0,0
1.60135651162458E+018,-2.86154060719817,-142.889124333785,49,0,0,79,40,0,0,0,0,0,0,0,0,0,0
1.60135651672458E+018,-1.87496611878147,-144.668954957317,44,0,0,73,40,0,0,0,0,0,0,0,0,0,0
1.60135652164458E+018,-0.948198623601418,-146.39099728126,44,0,0,72,40,0,0,0,0,0,0,0,0,0,0
1.60135652660459E+018,0.01768725174032,-148.109962628719,44,0,0,77,40,0,0,0,0,0,0,0,0,0,0
1.60135653160458E+018,0.904249272677795,-149.890202639475,48,0,0,72,40,0,0,0,0,0,0,0,0,0,0
1.60135653660458E+018,1.7583192235642,-151.693643095002,49,0,0,73,40,0,0,0,0,0,0,0,0,0,0
1.60135654164458E+018,2.53452789808762,-153.545263076662,49,0,0,73,40,0,0,0,0,0,0,0,0,0,0
1.6013565466646E+018,3.38893326169499,-155.366321186626,50,0,0,70,40,0,0,0,0,0,0,0,0,0,0
1.60135655160463E+018,4.14424453867852,-157.169448003166,49,0,0,71,40,0,0,0,0,0,0,0,0,0,0
1.60135655668459E+018,4.82620051327981,-159.083514024072,50,0,0,67,40,0,0,0,0,0,0,0,0,0,0
1.60135656178461E+018,5.49492530393081,-161.001699014553,54,0,0,69,40,0,0,0,0,0,0,0,0,0,0
1.60135656666458E+018,6.05591283189112,-162.861518652095,56,0,0,65,40,0,0,0,0,0,0,0,0,0,0
1.60135657162458E+018,6.58432863143586,-164.765901052235,58,0,0,66,40,0,0,0,0,0,0,0,0,0,0
1.60135657670458E+018,7.0820392603183,-166.716775057188,58,0,0,67,40,0,0,0,0,0,0,0,0,0,0
1.60135658162471E+018,7.52794681279065,-168.634966581144,58,0,0,74,40,0,0,0,0,0,0,0,0,0,0
1.60135658662458E+018,7.93307655530283,-170.582205207961,63,0,0,70,40,0,0,0,0,0,0,0,0,0,0
1.60135659174458E+018,8.49695052454855,-172.533159850322,0,0,0,80,40,0,0,0,0,0,0,0,0,0,0
1.60135659660458E+018,9.03220938510893,-174.385682116574,66,0,0,72,40,0,0,0,0,0,0,0,0,0,0
1.60135660172459E+018,9.3135106878904,-176.415570463852,56,0,0,70,40,0,0,0,0,0,0,0,0,0,0
1.60135660664458E+018,9.39246801740135,-178.368438629576,58,0,0,71,40,0,0,0,0,0,0,0,0,0,0
1.60135661168458E+018,9.61660629352656,-180.361848473964,65,0,0,59,44,0,0,0,0,0,0,0,0,0,0
1.60135661668459E+018,9.78956450400466,-182.342987442659,65,0,0,51,40,0,0,0,0,0,0,0,0,0,0
1.60135662172458E+018,9.83647652442724,-184.348288032309,77,0,0,49,42,0,0,0,0,0,0,0,0,0,0
1.60135662668458E+018,9.78467802870895,-186.315251985282,70,0,0,50,40,0,0,0,0,0,0,0,0,0,0
1.60135663156458E+018,9.76104091658398,-188.270993915948,71,0,0,54,40,0,0,0,0,0,0,0,0,0,0
1.60135663674455E+018,9.66882545936696,-190.321961916586,64,0,0,55,40,0,0,0,0,0,0,0,0,0,0
1.60135664170458E+018,9.59559517357736,-192.296000975571,72,0,0,54,43,0,0,0,0,0,0,0,0,0,0
1.60135664674458E+018,9.48473617042182,-194.301940129707,70,0,0,0,47,0,0,0,0,0,0,0,0,0,0
1.60135665174459E+018,9.25216762437992,-196.282499752799,67,0,0,56,42,0,0,0,0,0,0,0,0,0,0
1.60135665664459E+018,8.93420320077109,-198.206530613453,65,0,0,46,44,0,0,0,0,0,0,0,0,0,0
1.60135666158458E+018,8.67803753828332,-200.156817937391,74,0,0,45,45,0,0,0,0,0,0,0,0,0,0
1.60135666668458E+018,8.21595218518318,-202.143564039355,0,0,0,40,48,0,0,0,0,0,0,0,0,0,0
1.60135667164458E+018,7.99141655967334,-204.096525234957,76,0,0,40,48,0,0,0,0,0,0,0,0,0,0
1.60135667668458E+018,7.60492836988833,-206.055803001722,78,0,0,58,48,0,0,0,0,0,0,0,0,0,0
1.60135668164458E+018,6.9486625848602,-207.901344459938,64,0,0,40,44,0,0,0,0,0,0,0,0,0,0
1.60135668678458E+018,6.48278945955278,-209.888706904529,72,0,0,40,49,0,0,0,0,0,0,0,0,0,0
1.60135669160458E+018,5.98267326107763,-211.752240472748,74,0,0,40,52,0,0,0,0,0,0,0,0,0,0
1.60135669668461E+018,5.37859444617837,-213.670356837793,76,0,0,40,56,0,0,0,0,0,0,0,0,0,0
1.60135670160461E+018,4.69042225907378,-215.475174381862,73,0,0,40,54,0,0,0,0,0,0,0,0,0,0
1.60135670668459E+018,3.94335869370558,-217.364625724298,79,0,71,40,50,0,0,0,0,0,0,0,0,0,0
1.60135671168459E+018,3.24815583117171,-219.232186774686,79,0,0,40,50,0,0,0,0,0,0,0,0,0,0
1.60135671664458E+018,2.38950608512498,-221.012071610653,71,0,74,40,48,0,0,0,0,0,0,0,0,0,0
1.60135672176461E+018,1.60567493463723,-222.907550139544,74,0,73,40,49,0,0,0,0,0,0,0,0,0,0
1.60135672668458E+018,0.785613304306255,-224.678901965601,0,0,58,40,57,0,0,0,0,0,0,0,0,0,0
1.60135673170459E+018,0.077551006123652,-226.542075544224,73,0,57,40,56,0,0,0,0,0,0,0,0,0,0
1.60135673664459E+018,0.2120903910264,-228.477058968113,0,0,45,40,0,0,0,0,0,0,0,0,0,0,0
1.60135674160458E+018,0.361423248924615,-230.454175788881,0,0,45,40,0,0,0,0,0,0,0,0,0,0,0
1.60135674666458E+018,0.569141852816021,-233.355976420153,0,0,42,40,69,0,0,0,0,0,0,0,0,0,0
1.60135675170453E+018,-0.047502476427763,-238.867893375371,0,0,43,40,71,0,0,0,0,0,0,0,0,0,0
1.60135675662458E+018,-0.715587093939533,-243.884395214083,0,0,53,40,69,0,0,0,0,0,0,0,0,0,0
1.60135676170459E+018,-1.55160498349705,-248.209441213242,0,0,43,40,72,0,0,0,0,0,0,0,0,0,0
1.60135676670461E+018,-2.20910509066475,-250.307172430148,0,0,54,45,0,0,0,0,0,0,0,0,0,0,0
1.60135677158459E+018,-2.29937833106867,-250.254864289184,0,0,40,46,0,0,0,0,0,0,0,0,0,0,0
1.60135677666458E+018,-2.15343311626652,-250.647575970241,0,0,40,58,0,0,0,0,0,0,0,0,0,0,0
1.60135678170461E+018,-2.15343261668028,-250.647528121287,0,62,40,55,0,0,0,0,0,0,0,0,0,0,0
1.60135678678462E+018,-2.15343261668028,-250.647528121287,0,65,40,55,0,0,0,0,0,0,0,0,0,0,0
1.60135679180467E+018,-2.15342934716655,-250.647193176326,0,62,40,55,78,0,0,0,0,0,0,0,0,0,0
1.60135679666458E+018,-2.15342934716655,-250.647193176326,0,0,40,50,80,0,0,0,0,0,0,0,0,0,0
1.60135680174458E+018,-2.15342934716655,-250.647193176326,0,0,40,49,0,0,0,0,0,0,0,0,0,0,0
1.60135680662458E+018,-2.15342934716655,-250.647193176326,0,0,40,48,0,0,0,0,0,0,0,0,0,0,0
1.60135681170458E+018,-2.15342934716655,-250.647193176326,0,0,40,54,0,0,0,0,0,0,0,0,0,0,0
1.60135681670458E+018,-2.15342934716655,-250.647193176326,0,0,40,55,0,0,0,0,0,0,0,0,0,0,0
